@timestamp,@message
2019-11-18 15:16:03.767,"JOB_ID 271574090162-3105514, RequestId: 6364a989-998c-483b-9bb5-34afbfc576d9
"
2019-11-18 15:16:15.333,"JOB_ID 841574090173-9379983, RequestId: 6951569a-1c0f-4e3e-9790-6303296113c7
"
2019-11-18 15:16:21.993,"JOB_ID 651574090180-9172716, RequestId: 5fc57efd-d830-43df-8a9e-37f17317b2a2
"
2019-11-18 15:16:35.975,"JOB_ID 101574090194-8844106, RequestId: 4dfe57e7-402e-4478-bc6c-485cfad59c42
"
2019-11-18 15:16:46.155,"JOB_ID 671574090204-6747534, RequestId: fc06d890-2d40-42f4-8642-665417850836
"
2019-11-18 15:17:08.388,"JOB_ID 11574090227-3457654, RequestId: 7210c21e-343b-4ffc-b926-15cda461fc05
"
2019-11-18 15:17:47.935,"JOB_ID 171574090266-430767, RequestId: e5153e34-5038-4682-96f5-0fce2bf8cf50
"
2019-11-18 15:18:01.574,"JOB_ID 431574090280-5401883, RequestId: 5fc35f12-9989-4ee7-a94b-ccc80dd16121
"
2019-11-18 15:19:38.634,"JOB_ID 11574090377-5820568, RequestId: d8d77e6a-1eff-4d1a-a928-4cc27e78b4a9
"
2019-11-18 15:20:16.055,"JOB_ID 51574090414-8200023, RequestId: d13e10cb-47b9-4adc-9499-5e0120017498
"
2019-11-18 15:20:31.875,"JOB_ID 431574090430-7978141, RequestId: b1d289ea-328f-4c3a-8f3d-8c8d38f18e45
"
2019-11-18 15:21:47.915,"JOB_ID 801574090506-8321536, RequestId: a8982ae3-bc6c-4010-b3a4-c94f4654586c
"
2019-11-18 15:22:08.895,"JOB_ID 11574090527-853857, RequestId: b8a784e2-9c26-41b1-ac65-c950b320e616
"